name,target,category
"aspirador1.wav",1,"aspirador"
"aspirador2.wav",1,"aspirador"
"aspirador3.wav",1,"aspirador"
"aspirador4.wav",1,"aspirador"
"aspirador5.wav",1,"aspirador"
"aspirador6.wav",1,"aspirador"
"aspirador7.wav",1,"aspirador"
"aspirador8.wav",1,"aspirador"
"aspirador9.wav",1,"aspirador"
"aspirador10.wav",1,"aspirador"
"aspirador11.wav",1,"aspirador"
"aspirador12.wav",1,"aspirador"
"aspirador13.wav",1,"aspirador"
"aspirador14.wav",1,"aspirador"
"aspirador15.wav",1,"aspirador"
"aspirador16.wav",1,"aspirador"
"aspirador17.wav",1,"aspirador"
"aspirador18.wav",1,"aspirador"
"aspirador19.wav",1,"aspirador"
"aspirador20.wav",1,"aspirador"
"aspirador21.wav",1,"aspirador"
"aspirador22.wav",1,"aspirador"
"aspirador23.wav",1,"aspirador"
"aspirador24.wav",1,"aspirador"
"aspirador25.wav",1,"aspirador"
"aspirador26.wav",1,"aspirador"
"aspirador27.wav",1,"aspirador"
"aspirador28.wav",1,"aspirador"
"aspirador29.wav",1,"aspirador"
"aspirador30.wav",1,"aspirador"
"aspirador31.wav",1,"aspirador"
"aspirador32.wav",1,"aspirador"
"aspirador33.wav",1,"aspirador"
"aspirador34.wav",1,"aspirador"
"aspirador35.wav",1,"aspirador"
"aspirador36.wav",1,"aspirador"
"aspirador37.wav",1,"aspirador"
"aspirador38.wav",1,"aspirador"
"aspirador39.wav",1,"aspirador"
"aspirador40.wav",1,"aspirador"
"aspirador41.wav",1,"aspirador"
"aspirador42.wav",1,"aspirador"
"aspirador43.wav",1,"aspirador"
"aspirador44.wav",1,"aspirador"
"aspirador45.wav",1,"aspirador"
"aspirador46.wav",1,"aspirador"
"aspirador47.wav",1,"aspirador"
"aspirador48.wav",1,"aspirador"
"aspirador49.wav",1,"aspirador"
"aspirador50.wav",1,"aspirador"
"aspirador51.wav",1,"aspirador"
"aspirador52.wav",1,"aspirador"
"aspirador53.wav",1,"aspirador"
"aspirador54.wav",1,"aspirador"
"aspirador55.wav",1,"aspirador"
"aspirador56.wav",1,"aspirador"
"aspirador57.wav",1,"aspirador"
"aspirador58.wav",1,"aspirador"
"aspirador59.wav",1,"aspirador"
"aspirador60.wav",1,"aspirador"
"aspirador61.wav",1,"aspirador"
"aspirador62.wav",1,"aspirador"
"aspirador63.wav",1,"aspirador"
"aspirador64.wav",1,"aspirador"
"aspirador65.wav",1,"aspirador"
"aspirador66.wav",1,"aspirador"
"aspirador67.wav",1,"aspirador"
"aspirador68.wav",1,"aspirador"
"aspirador69.wav",1,"aspirador"
"aspirador70.wav",1,"aspirador"
"aspirador71.wav",1,"aspirador"
"aspirador72.wav",1,"aspirador"
"aspirador73.wav",1,"aspirador"
"aspirador74.wav",1,"aspirador"
"aspirador75.wav",1,"aspirador"
"aspirador76.wav",1,"aspirador"
"aspirador77.wav",1,"aspirador"
"aspirador78.wav",1,"aspirador"
"aspirador79.wav",1,"aspirador"
"aspirador80.wav",1,"aspirador"
"aspirador81.wav",1,"aspirador"
"aspirador82.wav",1,"aspirador"
"aspirador83.wav",1,"aspirador"
"aspirador84.wav",1,"aspirador"
"aspirador85.wav",1,"aspirador"
"aspirador86.wav",1,"aspirador"
"aspirador87.wav",1,"aspirador"
"aspirador88.wav",1,"aspirador"
"aspirador89.wav",1,"aspirador"
"aspirador90.wav",1,"aspirador"
"aspirador91.wav",1,"aspirador"
"aspirador92.wav",1,"aspirador"
"aspirador93.wav",1,"aspirador"
"aspirador94.wav",1,"aspirador"
"aspirador95.wav",1,"aspirador"
"aspirador96.wav",1,"aspirador"
"aspirador97.wav",1,"aspirador"
"aspirador98.wav",1,"aspirador"
"aspirador99.wav",1,"aspirador"
"aspirador100.wav",1,"aspirador"
"cisterna1.wav",2,"cisterna"
"cisterna2.wav",2,"cisterna"
"cisterna3.wav",2,"cisterna"
"cisterna4.wav",2,"cisterna"
"cisterna5.wav",2,"cisterna"
"cisterna6.wav",2,"cisterna"
"cisterna7.wav",2,"cisterna"
"cisterna8.wav",2,"cisterna"
"cisterna9.wav",2,"cisterna"
"cisterna10.wav",2,"cisterna"
"cisterna11.wav",2,"cisterna"
"cisterna12.wav",2,"cisterna"
"cisterna13.wav",2,"cisterna"
"cisterna14.wav",2,"cisterna"
"cisterna15.wav",2,"cisterna"
"cisterna16.wav",2,"cisterna"
"cisterna17.wav",2,"cisterna"
"cisterna18.wav",2,"cisterna"
"cisterna19.wav",2,"cisterna"
"cisterna20.wav",2,"cisterna"
"cisterna21.wav",2,"cisterna"
"cisterna22.wav",2,"cisterna"
"cisterna23.wav",2,"cisterna"
"cisterna24.wav",2,"cisterna"
"cisterna25.wav",2,"cisterna"
"cisterna26.wav",2,"cisterna"
"cisterna27.wav",2,"cisterna"
"cisterna28.wav",2,"cisterna"
"cisterna29.wav",2,"cisterna"
"cisterna30.wav",2,"cisterna"
"cisterna31.wav",2,"cisterna"
"cisterna32.wav",2,"cisterna"
"cisterna33.wav",2,"cisterna"
"cisterna34.wav",2,"cisterna"
"cisterna35.wav",2,"cisterna"
"cisterna36.wav",2,"cisterna"
"cisterna37.wav",2,"cisterna"
"cisterna38.wav",2,"cisterna"
"cisterna39.wav",2,"cisterna"
"cisterna40.wav",2,"cisterna"
"cisterna41.wav",2,"cisterna"
"cisterna42.wav",2,"cisterna"
"cisterna43.wav",2,"cisterna"
"cisterna44.wav",2,"cisterna"
"cisterna45.wav",2,"cisterna"
"cisterna46.wav",2,"cisterna"
"cisterna47.wav",2,"cisterna"
"cisterna48.wav",2,"cisterna"
"cisterna49.wav",2,"cisterna"
"cisterna50.wav",2,"cisterna"
"conversacion1.wav",3,"conversacion"
"conversacion2.wav",3,"conversacion"
"conversacion3.wav",3,"conversacion"
"conversacion4.wav",3,"conversacion"
"conversacion5.wav",3,"conversacion"
"conversacion6.wav",3,"conversacion"
"conversacion7.wav",3,"conversacion"
"conversacion8.wav",3,"conversacion"
"conversacion9.wav",3,"conversacion"
"conversacion10.wav",3,"conversacion"
"conversacion11.wav",3,"conversacion"
"conversacion12.wav",3,"conversacion"
"conversacion13.wav",3,"conversacion"
"conversacion14.wav",3,"conversacion"
"conversacion15.wav",3,"conversacion"
"conversacion16.wav",3,"conversacion"
"conversacion17.wav",3,"conversacion"
"conversacion18.wav",3,"conversacion"
"conversacion19.wav",3,"conversacion"
"conversacion20.wav",3,"conversacion"
"conversacion21.wav",3,"conversacion"
"conversacion22.wav",3,"conversacion"
"conversacion23.wav",3,"conversacion"
"conversacion24.wav",3,"conversacion"
"conversacion25.wav",3,"conversacion"
"conversacion26.wav",3,"conversacion"
"conversacion27.wav",3,"conversacion"
"conversacion28.wav",3,"conversacion"
"conversacion29.wav",3,"conversacion"
"conversacion30.wav",3,"conversacion"
"conversacion31.wav",3,"conversacion"
"conversacion32.wav",3,"conversacion"
"conversacion33.wav",3,"conversacion"
"conversacion34.wav",3,"conversacion"
"conversacion35.wav",3,"conversacion"
"conversacion36.wav",3,"conversacion"
"conversacion37.wav",3,"conversacion"
"conversacion38.wav",3,"conversacion"
"conversacion39.wav",3,"conversacion"
"conversacion40.wav",3,"conversacion"
"conversacion41.wav",3,"conversacion"
"conversacion42.wav",3,"conversacion"
"conversacion43.wav",3,"conversacion"
"conversacion44.wav",3,"conversacion"
"conversacion45.wav",3,"conversacion"
"conversacion46.wav",3,"conversacion"
"conversacion47.wav",3,"conversacion"
"conversacion48.wav",3,"conversacion"
"conversacion49.wav",3,"conversacion"
"conversacion50.wav",3,"conversacion"
"conversacion51.wav",3,"conversacion"
"conversacion52.wav",3,"conversacion"
"conversacion53.wav",3,"conversacion"
"conversacion54.wav",3,"conversacion"
"conversacion55.wav",3,"conversacion"
"conversacion56.wav",3,"conversacion"
"conversacion57.wav",3,"conversacion"
"conversacion58.wav",3,"conversacion"
"conversacion59.wav",3,"conversacion"
"conversacion60.wav",3,"conversacion"
"conversacion61.wav",3,"conversacion"
"conversacion62.wav",3,"conversacion"
"conversacion63.wav",3,"conversacion"
"conversacion64.wav",3,"conversacion"
"conversacion65.wav",3,"conversacion"
"conversacion66.wav",3,"conversacion"
"conversacion67.wav",3,"conversacion"
"conversacion68.wav",3,"conversacion"
"conversacion69.wav",3,"conversacion"
"conversacion70.wav",3,"conversacion"
"conversacion71.wav",3,"conversacion"
"conversacion72.wav",3,"conversacion"
"conversacion73.wav",3,"conversacion"
"conversacion74.wav",3,"conversacion"
"conversacion75.wav",3,"conversacion"
"conversacion76.wav",3,"conversacion"
"conversacion77.wav",3,"conversacion"
"conversacion78.wav",3,"conversacion"
"conversacion79.wav",3,"conversacion"
"conversacion80.wav",3,"conversacion"
"conversacion81.wav",3,"conversacion"
"conversacion82.wav",3,"conversacion"
"conversacion83.wav",3,"conversacion"
"conversacion84.wav",3,"conversacion"
"conversacion85.wav",3,"conversacion"
"conversacion86.wav",3,"conversacion"
"conversacion87.wav",3,"conversacion"
"conversacion88.wav",3,"conversacion"
"conversacion89.wav",3,"conversacion"
"conversacion90.wav",3,"conversacion"
"conversacion91.wav",3,"conversacion"
"conversacion92.wav",3,"conversacion"
"conversacion93.wav",3,"conversacion"
"conversacion94.wav",3,"conversacion"
"conversacion95.wav",3,"conversacion"
"conversacion96.wav",3,"conversacion"
"conversacion97.wav",3,"conversacion"
"conversacion98.wav",3,"conversacion"
"conversacion99.wav",3,"conversacion"
"conversacion100.wav",3,"conversacion"
"cubiertos_sartenes1.wav",4,"cubiertos_sartenes"
"cubiertos_sartenes2.wav",4,"cubiertos_sartenes"
"cubiertos_sartenes3.wav",4,"cubiertos_sartenes"
"cubiertos_sartenes4.wav",4,"cubiertos_sartenes"
"cubiertos_sartenes5.wav",4,"cubiertos_sartenes"
"cubiertos_sartenes6.wav",4,"cubiertos_sartenes"
"cubiertos_sartenes7.wav",4,"cubiertos_sartenes"
"cubiertos_sartenes8.wav",4,"cubiertos_sartenes"
"cubiertos_sartenes9.wav",4,"cubiertos_sartenes"
"cubiertos_sartenes10.wav",4,"cubiertos_sartenes"
"cubiertos_sartenes11.wav",4,"cubiertos_sartenes"
"cubiertos_sartenes12.wav",4,"cubiertos_sartenes"
"cubiertos_sartenes13.wav",4,"cubiertos_sartenes"
"cubiertos_sartenes14.wav",4,"cubiertos_sartenes"
"cubiertos_sartenes15.wav",4,"cubiertos_sartenes"
"cubiertos_sartenes16.wav",4,"cubiertos_sartenes"
"cubiertos_sartenes17.wav",4,"cubiertos_sartenes"
"cubiertos_sartenes18.wav",4,"cubiertos_sartenes"
"cubiertos_sartenes19.wav",4,"cubiertos_sartenes"
"cubiertos_sartenes20.wav",4,"cubiertos_sartenes"
"cubiertos_sartenes21.wav",4,"cubiertos_sartenes"
"cubiertos_sartenes22.wav",4,"cubiertos_sartenes"
"cubiertos_sartenes23.wav",4,"cubiertos_sartenes"
"cubiertos_sartenes24.wav",4,"cubiertos_sartenes"
"cubiertos_sartenes25.wav",4,"cubiertos_sartenes"
"cubiertos_sartenes26.wav",4,"cubiertos_sartenes"
"cubiertos_sartenes27.wav",4,"cubiertos_sartenes"
"cubiertos_sartenes28.wav",4,"cubiertos_sartenes"
"cubiertos_sartenes29.wav",4,"cubiertos_sartenes"
"cubiertos_sartenes30.wav",4,"cubiertos_sartenes"
"cubiertos_sartenes31.wav",4,"cubiertos_sartenes"
"cubiertos_sartenes32.wav",4,"cubiertos_sartenes"
"cubiertos_sartenes33.wav",4,"cubiertos_sartenes"
"cubiertos_sartenes34.wav",4,"cubiertos_sartenes"
"cubiertos_sartenes35.wav",4,"cubiertos_sartenes"
"cubiertos_sartenes36.wav",4,"cubiertos_sartenes"
"cubiertos_sartenes37.wav",4,"cubiertos_sartenes"
"cubiertos_sartenes38.wav",4,"cubiertos_sartenes"
"cubiertos_sartenes39.wav",4,"cubiertos_sartenes"
"cubiertos_sartenes40.wav",4,"cubiertos_sartenes"
"cubiertos_sartenes41.wav",4,"cubiertos_sartenes"
"cubiertos_sartenes42.wav",4,"cubiertos_sartenes"
"cubiertos_sartenes43.wav",4,"cubiertos_sartenes"
"cubiertos_sartenes44.wav",4,"cubiertos_sartenes"
"cubiertos_sartenes45.wav",4,"cubiertos_sartenes"
"cubiertos_sartenes46.wav",4,"cubiertos_sartenes"
"cubiertos_sartenes47.wav",4,"cubiertos_sartenes"
"cubiertos_sartenes48.wav",4,"cubiertos_sartenes"
"cubiertos_sartenes49.wav",4,"cubiertos_sartenes"
"cubiertos_sartenes50.wav",4,"cubiertos_sartenes"
"cubiertos_sartenes51.wav",4,"cubiertos_sartenes"
"cubiertos_sartenes52.wav",4,"cubiertos_sartenes"
"cubiertos_sartenes53.wav",4,"cubiertos_sartenes"
"cubiertos_sartenes54.wav",4,"cubiertos_sartenes"
"cubiertos_sartenes55.wav",4,"cubiertos_sartenes"
"cubiertos_sartenes56.wav",4,"cubiertos_sartenes"
"cubiertos_sartenes57.wav",4,"cubiertos_sartenes"
"cubiertos_sartenes58.wav",4,"cubiertos_sartenes"
"cubiertos_sartenes59.wav",4,"cubiertos_sartenes"
"cubiertos_sartenes60.wav",4,"cubiertos_sartenes"
"cubiertos_sartenes61.wav",4,"cubiertos_sartenes"
"cubiertos_sartenes62.wav",4,"cubiertos_sartenes"
"cubiertos_sartenes63.wav",4,"cubiertos_sartenes"
"cubiertos_sartenes64.wav",4,"cubiertos_sartenes"
"cubiertos_sartenes65.wav",4,"cubiertos_sartenes"
"cubiertos_sartenes66.wav",4,"cubiertos_sartenes"
"cubiertos_sartenes67.wav",4,"cubiertos_sartenes"
"cubiertos_sartenes68.wav",4,"cubiertos_sartenes"
"cubiertos_sartenes69.wav",4,"cubiertos_sartenes"
"cubiertos_sartenes70.wav",4,"cubiertos_sartenes"
"cubiertos_sartenes71.wav",4,"cubiertos_sartenes"
"cubiertos_sartenes72.wav",4,"cubiertos_sartenes"
"cubiertos_sartenes73.wav",4,"cubiertos_sartenes"
"cubiertos_sartenes74.wav",4,"cubiertos_sartenes"
"cubiertos_sartenes75.wav",4,"cubiertos_sartenes"
"cubiertos_sartenes76.wav",4,"cubiertos_sartenes"
"cubiertos_sartenes77.wav",4,"cubiertos_sartenes"
"cubiertos_sartenes78.wav",4,"cubiertos_sartenes"
"cubiertos_sartenes79.wav",4,"cubiertos_sartenes"
"cubiertos_sartenes80.wav",4,"cubiertos_sartenes"
"cubiertos_sartenes81.wav",4,"cubiertos_sartenes"
"cubiertos_sartenes82.wav",4,"cubiertos_sartenes"
"cubiertos_sartenes83.wav",4,"cubiertos_sartenes"
"cubiertos_sartenes84.wav",4,"cubiertos_sartenes"
"cubiertos_sartenes85.wav",4,"cubiertos_sartenes"
"cubiertos_sartenes86.wav",4,"cubiertos_sartenes"
"cubiertos_sartenes87.wav",4,"cubiertos_sartenes"
"cubiertos_sartenes88.wav",4,"cubiertos_sartenes"
"cubiertos_sartenes89.wav",4,"cubiertos_sartenes"
"cubiertos_sartenes90.wav",4,"cubiertos_sartenes"
"cubiertos_sartenes91.wav",4,"cubiertos_sartenes"
"cubiertos_sartenes92.wav",4,"cubiertos_sartenes"
"cubiertos_sartenes93.wav",4,"cubiertos_sartenes"
"cubiertos_sartenes94.wav",4,"cubiertos_sartenes"
"cubiertos_sartenes95.wav",4,"cubiertos_sartenes"
"cubiertos_sartenes96.wav",4,"cubiertos_sartenes"
"cubiertos_sartenes97.wav",4,"cubiertos_sartenes"
"cubiertos_sartenes98.wav",4,"cubiertos_sartenes"
"cubiertos_sartenes99.wav",4,"cubiertos_sartenes"
"cubiertos_sartenes100.wav",4,"cubiertos_sartenes"
"despertador1.wav",5,"despertador"
"despertador2.wav",5,"despertador"
"despertador3.wav",5,"despertador"
"despertador4.wav",5,"despertador"
"despertador5.wav",5,"despertador"
"despertador6.wav",5,"despertador"
"despertador7.wav",5,"despertador"
"despertador8.wav",5,"despertador"
"despertador9.wav",5,"despertador"
"despertador10.wav",5,"despertador"
"despertador11.wav",5,"despertador"
"despertador12.wav",5,"despertador"
"despertador13.wav",5,"despertador"
"despertador14.wav",5,"despertador"
"despertador15.wav",5,"despertador"
"despertador16.wav",5,"despertador"
"despertador17.wav",5,"despertador"
"despertador18.wav",5,"despertador"
"despertador19.wav",5,"despertador"
"despertador20.wav",5,"despertador"
"despertador21.wav",5,"despertador"
"despertador22.wav",5,"despertador"
"despertador23.wav",5,"despertador"
"despertador24.wav",5,"despertador"
"despertador25.wav",5,"despertador"
"despertador26.wav",5,"despertador"
"despertador27.wav",5,"despertador"
"despertador28.wav",5,"despertador"
"despertador29.wav",5,"despertador"
"despertador30.wav",5,"despertador"
"despertador31.wav",5,"despertador"
"despertador32.wav",5,"despertador"
"despertador33.wav",5,"despertador"
"despertador34.wav",5,"despertador"
"despertador35.wav",5,"despertador"
"despertador36.wav",5,"despertador"
"despertador37.wav",5,"despertador"
"despertador38.wav",5,"despertador"
"despertador39.wav",5,"despertador"
"despertador40.wav",5,"despertador"
"despertador41.wav",5,"despertador"
"despertador42.wav",5,"despertador"
"despertador43.wav",5,"despertador"
"despertador44.wav",5,"despertador"
"despertador45.wav",5,"despertador"
"despertador46.wav",5,"despertador"
"despertador47.wav",5,"despertador"
"despertador48.wav",5,"despertador"
"despertador49.wav",5,"despertador"
"despertador50.wav",5,"despertador"
"despertador51.wav",5,"despertador"
"despertador52.wav",5,"despertador"
"despertador53.wav",5,"despertador"
"despertador54.wav",5,"despertador"
"despertador55.wav",5,"despertador"
"despertador56.wav",5,"despertador"
"despertador57.wav",5,"despertador"
"despertador58.wav",5,"despertador"
"despertador59.wav",5,"despertador"
"despertador60.wav",5,"despertador"
"despertador61.wav",5,"despertador"
"despertador62.wav",5,"despertador"
"despertador63.wav",5,"despertador"
"despertador64.wav",5,"despertador"
"despertador65.wav",5,"despertador"
"despertador66.wav",5,"despertador"
"despertador67.wav",5,"despertador"
"despertador68.wav",5,"despertador"
"despertador69.wav",5,"despertador"
"despertador70.wav",5,"despertador"
"despertador71.wav",5,"despertador"
"despertador72.wav",5,"despertador"
"despertador73.wav",5,"despertador"
"despertador74.wav",5,"despertador"
"despertador75.wav",5,"despertador"
"despertador76.wav",5,"despertador"
"despertador77.wav",5,"despertador"
"despertador78.wav",5,"despertador"
"despertador79.wav",5,"despertador"
"despertador80.wav",5,"despertador"
"despertador81.wav",5,"despertador"
"despertador82.wav",5,"despertador"
"despertador83.wav",5,"despertador"
"despertador84.wav",5,"despertador"
"despertador85.wav",5,"despertador"
"despertador86.wav",5,"despertador"
"despertador87.wav",5,"despertador"
"despertador88.wav",5,"despertador"
"despertador89.wav",5,"despertador"
"despertador90.wav",5,"despertador"
"despertador91.wav",5,"despertador"
"despertador92.wav",5,"despertador"
"despertador93.wav",5,"despertador"
"despertador94.wav",5,"despertador"
"despertador95.wav",5,"despertador"
"despertador96.wav",5,"despertador"
"despertador97.wav",5,"despertador"
"despertador98.wav",5,"despertador"
"despertador99.wav",5,"despertador"
"despertador100.wav",5,"despertador"
"ducha1.wav",6,"ducha"
"ducha2.wav",6,"ducha"
"ducha3.wav",6,"ducha"
"ducha4.wav",6,"ducha"
"ducha5.wav",6,"ducha"
"ducha6.wav",6,"ducha"
"ducha7.wav",6,"ducha"
"ducha8.wav",6,"ducha"
"ducha9.wav",6,"ducha"
"ducha10.wav",6,"ducha"
"ducha11.wav",6,"ducha"
"ducha12.wav",6,"ducha"
"ducha13.wav",6,"ducha"
"ducha14.wav",6,"ducha"
"ducha15.wav",6,"ducha"
"ducha16.wav",6,"ducha"
"ducha17.wav",6,"ducha"
"ducha18.wav",6,"ducha"
"ducha19.wav",6,"ducha"
"ducha20.wav",6,"ducha"
"ducha21.wav",6,"ducha"
"ducha22.wav",6,"ducha"
"ducha23.wav",6,"ducha"
"ducha24.wav",6,"ducha"
"ducha25.wav",6,"ducha"
"ducha26.wav",6,"ducha"
"ducha27.wav",6,"ducha"
"ducha28.wav",6,"ducha"
"ducha29.wav",6,"ducha"
"ducha30.wav",6,"ducha"
"ducha31.wav",6,"ducha"
"ducha32.wav",6,"ducha"
"ducha33.wav",6,"ducha"
"ducha34.wav",6,"ducha"
"ducha35.wav",6,"ducha"
"ducha36.wav",6,"ducha"
"ducha37.wav",6,"ducha"
"ducha38.wav",6,"ducha"
"ducha39.wav",6,"ducha"
"ducha40.wav",6,"ducha"
"ducha41.wav",6,"ducha"
"ducha42.wav",6,"ducha"
"ducha43.wav",6,"ducha"
"ducha44.wav",6,"ducha"
"ducha45.wav",6,"ducha"
"ducha46.wav",6,"ducha"
"ducha47.wav",6,"ducha"
"ducha48.wav",6,"ducha"
"ducha49.wav",6,"ducha"
"ducha50.wav",6,"ducha"
"ducha51.wav",6,"ducha"
"ducha52.wav",6,"ducha"
"ducha53.wav",6,"ducha"
"ducha54.wav",6,"ducha"
"ducha55.wav",6,"ducha"
"ducha56.wav",6,"ducha"
"ducha57.wav",6,"ducha"
"ducha58.wav",6,"ducha"
"ducha59.wav",6,"ducha"
"ducha60.wav",6,"ducha"
"ducha61.wav",6,"ducha"
"ducha62.wav",6,"ducha"
"ducha63.wav",6,"ducha"
"ducha64.wav",6,"ducha"
"ducha65.wav",6,"ducha"
"ducha66.wav",6,"ducha"
"ducha67.wav",6,"ducha"
"ducha68.wav",6,"ducha"
"ducha69.wav",6,"ducha"
"ducha70.wav",6,"ducha"
"ducha71.wav",6,"ducha"
"ducha72.wav",6,"ducha"
"ducha73.wav",6,"ducha"
"ducha74.wav",6,"ducha"
"ducha75.wav",6,"ducha"
"ducha76.wav",6,"ducha"
"ducha77.wav",6,"ducha"
"ducha78.wav",6,"ducha"
"ducha79.wav",6,"ducha"
"ducha80.wav",6,"ducha"
"ducha81.wav",6,"ducha"
"ducha82.wav",6,"ducha"
"ducha83.wav",6,"ducha"
"ducha84.wav",6,"ducha"
"ducha85.wav",6,"ducha"
"ducha86.wav",6,"ducha"
"ducha87.wav",6,"ducha"
"ducha88.wav",6,"ducha"
"ducha89.wav",6,"ducha"
"ducha90.wav",6,"ducha"
"ducha91.wav",6,"ducha"
"ducha92.wav",6,"ducha"
"ducha93.wav",6,"ducha"
"ducha94.wav",6,"ducha"
"ducha95.wav",6,"ducha"
"ducha96.wav",6,"ducha"
"ducha97.wav",6,"ducha"
"ducha98.wav",6,"ducha"
"ducha99.wav",6,"ducha"
"ducha100.wav",6,"ducha"
"estractor1.wav",7,"estractor"
"estractor2.wav",7,"estractor"
"estractor3.wav",7,"estractor"
"estractor4.wav",7,"estractor"
"estractor5.wav",7,"estractor"
"estractor6.wav",7,"estractor"
"estractor7.wav",7,"estractor"
"estractor8.wav",7,"estractor"
"estractor9.wav",7,"estractor"
"estractor10.wav",7,"estractor"
"estractor11.wav",7,"estractor"
"estractor12.wav",7,"estractor"
"estractor13.wav",7,"estractor"
"estractor14.wav",7,"estractor"
"estractor15.wav",7,"estractor"
"estractor16.wav",7,"estractor"
"estractor17.wav",7,"estractor"
"estractor18.wav",7,"estractor"
"estractor19.wav",7,"estractor"
"estractor20.wav",7,"estractor"
"estractor21.wav",7,"estractor"
"estractor22.wav",7,"estractor"
"estractor23.wav",7,"estractor"
"estractor24.wav",7,"estractor"
"estractor25.wav",7,"estractor"
"estractor26.wav",7,"estractor"
"estractor27.wav",7,"estractor"
"estractor28.wav",7,"estractor"
"estractor29.wav",7,"estractor"
"estractor30.wav",7,"estractor"
"estractor31.wav",7,"estractor"
"estractor32.wav",7,"estractor"
"estractor33.wav",7,"estractor"
"estractor34.wav",7,"estractor"
"estractor35.wav",7,"estractor"
"estractor36.wav",7,"estractor"
"estractor37.wav",7,"estractor"
"estractor38.wav",7,"estractor"
"estractor39.wav",7,"estractor"
"estractor40.wav",7,"estractor"
"estractor41.wav",7,"estractor"
"estractor42.wav",7,"estractor"
"estractor43.wav",7,"estractor"
"estractor44.wav",7,"estractor"
"estractor45.wav",7,"estractor"
"estractor46.wav",7,"estractor"
"estractor47.wav",7,"estractor"
"estractor48.wav",7,"estractor"
"estractor49.wav",7,"estractor"
"estractor50.wav",7,"estractor"
"estractor51.wav",7,"estractor"
"estractor52.wav",7,"estractor"
"estractor53.wav",7,"estractor"
"estractor54.wav",7,"estractor"
"estractor55.wav",7,"estractor"
"estractor56.wav",7,"estractor"
"estractor57.wav",7,"estractor"
"estractor58.wav",7,"estractor"
"estractor59.wav",7,"estractor"
"estractor60.wav",7,"estractor"
"estractor61.wav",7,"estractor"
"estractor62.wav",7,"estractor"
"estractor63.wav",7,"estractor"
"estractor64.wav",7,"estractor"
"estractor65.wav",7,"estractor"
"estractor66.wav",7,"estractor"
"estractor67.wav",7,"estractor"
"estractor68.wav",7,"estractor"
"estractor69.wav",7,"estractor"
"estractor70.wav",7,"estractor"
"estractor71.wav",7,"estractor"
"estractor72.wav",7,"estractor"
"estractor73.wav",7,"estractor"
"estractor74.wav",7,"estractor"
"estractor75.wav",7,"estractor"
"estractor76.wav",7,"estractor"
"estractor77.wav",7,"estractor"
"estractor78.wav",7,"estractor"
"estractor79.wav",7,"estractor"
"estractor80.wav",7,"estractor"
"estractor81.wav",7,"estractor"
"estractor82.wav",7,"estractor"
"estractor83.wav",7,"estractor"
"estractor84.wav",7,"estractor"
"estractor85.wav",7,"estractor"
"estractor86.wav",7,"estractor"
"estractor87.wav",7,"estractor"
"estractor88.wav",7,"estractor"
"estractor89.wav",7,"estractor"
"estractor90.wav",7,"estractor"
"estractor91.wav",7,"estractor"
"estractor92.wav",7,"estractor"
"estractor93.wav",7,"estractor"
"estractor94.wav",7,"estractor"
"estractor95.wav",7,"estractor"
"estractor96.wav",7,"estractor"
"estractor97.wav",7,"estractor"
"estractor98.wav",7,"estractor"
"estractor99.wav",7,"estractor"
"estractor100.wav",7,"estractor"
"grifo_banio1.wav",8,"grifo_banio"
"grifo_banio2.wav",8,"grifo_banio"
"grifo_banio3.wav",8,"grifo_banio"
"grifo_banio4.wav",8,"grifo_banio"
"grifo_banio5.wav",8,"grifo_banio"
"grifo_banio6.wav",8,"grifo_banio"
"grifo_banio7.wav",8,"grifo_banio"
"grifo_banio8.wav",8,"grifo_banio"
"grifo_banio9.wav",8,"grifo_banio"
"grifo_banio10.wav",8,"grifo_banio"
"grifo_banio11.wav",8,"grifo_banio"
"grifo_banio12.wav",8,"grifo_banio"
"grifo_banio13.wav",8,"grifo_banio"
"grifo_banio14.wav",8,"grifo_banio"
"grifo_banio15.wav",8,"grifo_banio"
"grifo_banio16.wav",8,"grifo_banio"
"grifo_banio17.wav",8,"grifo_banio"
"grifo_banio18.wav",8,"grifo_banio"
"grifo_banio19.wav",8,"grifo_banio"
"grifo_banio20.wav",8,"grifo_banio"
"grifo_banio21.wav",8,"grifo_banio"
"grifo_banio22.wav",8,"grifo_banio"
"grifo_banio23.wav",8,"grifo_banio"
"grifo_banio24.wav",8,"grifo_banio"
"grifo_banio25.wav",8,"grifo_banio"
"grifo_banio26.wav",8,"grifo_banio"
"grifo_banio27.wav",8,"grifo_banio"
"grifo_banio28.wav",8,"grifo_banio"
"grifo_banio29.wav",8,"grifo_banio"
"grifo_banio30.wav",8,"grifo_banio"
"grifo_banio31.wav",8,"grifo_banio"
"grifo_banio32.wav",8,"grifo_banio"
"grifo_banio33.wav",8,"grifo_banio"
"grifo_banio34.wav",8,"grifo_banio"
"grifo_banio35.wav",8,"grifo_banio"
"grifo_banio36.wav",8,"grifo_banio"
"grifo_banio37.wav",8,"grifo_banio"
"grifo_banio38.wav",8,"grifo_banio"
"grifo_banio39.wav",8,"grifo_banio"
"grifo_banio40.wav",8,"grifo_banio"
"grifo_banio41.wav",8,"grifo_banio"
"grifo_banio42.wav",8,"grifo_banio"
"grifo_banio43.wav",8,"grifo_banio"
"grifo_banio44.wav",8,"grifo_banio"
"grifo_banio45.wav",8,"grifo_banio"
"grifo_banio46.wav",8,"grifo_banio"
"grifo_banio47.wav",8,"grifo_banio"
"grifo_banio48.wav",8,"grifo_banio"
"grifo_banio49.wav",8,"grifo_banio"
"grifo_banio50.wav",8,"grifo_banio"
"grifo_banio51.wav",8,"grifo_banio"
"grifo_banio52.wav",8,"grifo_banio"
"grifo_banio53.wav",8,"grifo_banio"
"grifo_banio54.wav",8,"grifo_banio"
"grifo_banio55.wav",8,"grifo_banio"
"grifo_banio56.wav",8,"grifo_banio"
"grifo_banio57.wav",8,"grifo_banio"
"grifo_banio58.wav",8,"grifo_banio"
"grifo_banio59.wav",8,"grifo_banio"
"grifo_banio60.wav",8,"grifo_banio"
"grifo_banio61.wav",8,"grifo_banio"
"grifo_banio62.wav",8,"grifo_banio"
"grifo_banio63.wav",8,"grifo_banio"
"grifo_banio64.wav",8,"grifo_banio"
"grifo_banio65.wav",8,"grifo_banio"
"grifo_banio66.wav",8,"grifo_banio"
"grifo_banio67.wav",8,"grifo_banio"
"grifo_banio68.wav",8,"grifo_banio"
"grifo_banio69.wav",8,"grifo_banio"
"grifo_banio70.wav",8,"grifo_banio"
"grifo_banio71.wav",8,"grifo_banio"
"grifo_banio72.wav",8,"grifo_banio"
"grifo_banio73.wav",8,"grifo_banio"
"grifo_banio74.wav",8,"grifo_banio"
"grifo_banio75.wav",8,"grifo_banio"
"grifo_banio76.wav",8,"grifo_banio"
"grifo_banio77.wav",8,"grifo_banio"
"grifo_banio78.wav",8,"grifo_banio"
"grifo_banio79.wav",8,"grifo_banio"
"grifo_banio80.wav",8,"grifo_banio"
"grifo_banio81.wav",8,"grifo_banio"
"grifo_banio82.wav",8,"grifo_banio"
"grifo_banio83.wav",8,"grifo_banio"
"grifo_banio84.wav",8,"grifo_banio"
"grifo_banio85.wav",8,"grifo_banio"
"grifo_banio86.wav",8,"grifo_banio"
"grifo_banio87.wav",8,"grifo_banio"
"grifo_banio88.wav",8,"grifo_banio"
"grifo_banio89.wav",8,"grifo_banio"
"grifo_banio90.wav",8,"grifo_banio"
"grifo_banio91.wav",8,"grifo_banio"
"grifo_banio92.wav",8,"grifo_banio"
"grifo_banio93.wav",8,"grifo_banio"
"grifo_banio94.wav",8,"grifo_banio"
"grifo_banio95.wav",8,"grifo_banio"
"grifo_banio96.wav",8,"grifo_banio"
"grifo_banio97.wav",8,"grifo_banio"
"grifo_banio98.wav",8,"grifo_banio"
"grifo_banio99.wav",8,"grifo_banio"
"grifo_banio100.wav",8,"grifo_banio"
"grifo_cocina1.wav",9,"grifo_cocina"
"grifo_cocina2.wav",9,"grifo_cocina"
"grifo_cocina3.wav",9,"grifo_cocina"
"grifo_cocina4.wav",9,"grifo_cocina"
"grifo_cocina5.wav",9,"grifo_cocina"
"grifo_cocina6.wav",9,"grifo_cocina"
"grifo_cocina7.wav",9,"grifo_cocina"
"grifo_cocina8.wav",9,"grifo_cocina"
"grifo_cocina9.wav",9,"grifo_cocina"
"grifo_cocina10.wav",9,"grifo_cocina"
"grifo_cocina11.wav",9,"grifo_cocina"
"grifo_cocina12.wav",9,"grifo_cocina"
"grifo_cocina13.wav",9,"grifo_cocina"
"grifo_cocina14.wav",9,"grifo_cocina"
"grifo_cocina15.wav",9,"grifo_cocina"
"grifo_cocina16.wav",9,"grifo_cocina"
"grifo_cocina17.wav",9,"grifo_cocina"
"grifo_cocina18.wav",9,"grifo_cocina"
"grifo_cocina19.wav",9,"grifo_cocina"
"grifo_cocina20.wav",9,"grifo_cocina"
"grifo_cocina21.wav",9,"grifo_cocina"
"grifo_cocina22.wav",9,"grifo_cocina"
"grifo_cocina23.wav",9,"grifo_cocina"
"grifo_cocina24.wav",9,"grifo_cocina"
"grifo_cocina25.wav",9,"grifo_cocina"
"grifo_cocina26.wav",9,"grifo_cocina"
"grifo_cocina27.wav",9,"grifo_cocina"
"grifo_cocina28.wav",9,"grifo_cocina"
"grifo_cocina29.wav",9,"grifo_cocina"
"grifo_cocina30.wav",9,"grifo_cocina"
"grifo_cocina31.wav",9,"grifo_cocina"
"grifo_cocina32.wav",9,"grifo_cocina"
"grifo_cocina33.wav",9,"grifo_cocina"
"grifo_cocina34.wav",9,"grifo_cocina"
"grifo_cocina35.wav",9,"grifo_cocina"
"grifo_cocina36.wav",9,"grifo_cocina"
"grifo_cocina37.wav",9,"grifo_cocina"
"grifo_cocina38.wav",9,"grifo_cocina"
"grifo_cocina39.wav",9,"grifo_cocina"
"grifo_cocina40.wav",9,"grifo_cocina"
"grifo_cocina41.wav",9,"grifo_cocina"
"grifo_cocina42.wav",9,"grifo_cocina"
"grifo_cocina43.wav",9,"grifo_cocina"
"grifo_cocina44.wav",9,"grifo_cocina"
"grifo_cocina45.wav",9,"grifo_cocina"
"grifo_cocina46.wav",9,"grifo_cocina"
"grifo_cocina47.wav",9,"grifo_cocina"
"grifo_cocina48.wav",9,"grifo_cocina"
"grifo_cocina49.wav",9,"grifo_cocina"
"grifo_cocina50.wav",9,"grifo_cocina"
"grifo_cocina51.wav",9,"grifo_cocina"
"grifo_cocina52.wav",9,"grifo_cocina"
"grifo_cocina53.wav",9,"grifo_cocina"
"grifo_cocina54.wav",9,"grifo_cocina"
"grifo_cocina55.wav",9,"grifo_cocina"
"grifo_cocina56.wav",9,"grifo_cocina"
"grifo_cocina57.wav",9,"grifo_cocina"
"grifo_cocina58.wav",9,"grifo_cocina"
"grifo_cocina59.wav",9,"grifo_cocina"
"grifo_cocina60.wav",9,"grifo_cocina"
"grifo_cocina61.wav",9,"grifo_cocina"
"grifo_cocina62.wav",9,"grifo_cocina"
"grifo_cocina63.wav",9,"grifo_cocina"
"grifo_cocina64.wav",9,"grifo_cocina"
"grifo_cocina65.wav",9,"grifo_cocina"
"grifo_cocina66.wav",9,"grifo_cocina"
"grifo_cocina67.wav",9,"grifo_cocina"
"grifo_cocina68.wav",9,"grifo_cocina"
"grifo_cocina69.wav",9,"grifo_cocina"
"grifo_cocina70.wav",9,"grifo_cocina"
"grifo_cocina71.wav",9,"grifo_cocina"
"grifo_cocina72.wav",9,"grifo_cocina"
"grifo_cocina73.wav",9,"grifo_cocina"
"grifo_cocina74.wav",9,"grifo_cocina"
"grifo_cocina75.wav",9,"grifo_cocina"
"grifo_cocina76.wav",9,"grifo_cocina"
"grifo_cocina77.wav",9,"grifo_cocina"
"grifo_cocina78.wav",9,"grifo_cocina"
"grifo_cocina79.wav",9,"grifo_cocina"
"grifo_cocina80.wav",9,"grifo_cocina"
"grifo_cocina81.wav",9,"grifo_cocina"
"grifo_cocina82.wav",9,"grifo_cocina"
"grifo_cocina83.wav",9,"grifo_cocina"
"grifo_cocina84.wav",9,"grifo_cocina"
"grifo_cocina85.wav",9,"grifo_cocina"
"grifo_cocina86.wav",9,"grifo_cocina"
"grifo_cocina87.wav",9,"grifo_cocina"
"grifo_cocina88.wav",9,"grifo_cocina"
"grifo_cocina89.wav",9,"grifo_cocina"
"grifo_cocina90.wav",9,"grifo_cocina"
"grifo_cocina91.wav",9,"grifo_cocina"
"grifo_cocina92.wav",9,"grifo_cocina"
"grifo_cocina93.wav",9,"grifo_cocina"
"grifo_cocina94.wav",9,"grifo_cocina"
"grifo_cocina95.wav",9,"grifo_cocina"
"grifo_cocina96.wav",9,"grifo_cocina"
"grifo_cocina97.wav",9,"grifo_cocina"
"grifo_cocina98.wav",9,"grifo_cocina"
"grifo_cocina99.wav",9,"grifo_cocina"
"grifo_cocina100.wav",9,"grifo_cocina"
"impresora1.wav",10,"impresora"
"impresora2.wav",10,"impresora"
"impresora3.wav",10,"impresora"
"impresora4.wav",10,"impresora"
"impresora5.wav",10,"impresora"
"impresora6.wav",10,"impresora"
"impresora7.wav",10,"impresora"
"impresora8.wav",10,"impresora"
"impresora9.wav",10,"impresora"
"impresora10.wav",10,"impresora"
"impresora11.wav",10,"impresora"
"impresora12.wav",10,"impresora"
"impresora13.wav",10,"impresora"
"impresora14.wav",10,"impresora"
"impresora15.wav",10,"impresora"
"impresora16.wav",10,"impresora"
"impresora17.wav",10,"impresora"
"impresora18.wav",10,"impresora"
"impresora19.wav",10,"impresora"
"impresora20.wav",10,"impresora"
"impresora21.wav",10,"impresora"
"impresora22.wav",10,"impresora"
"impresora23.wav",10,"impresora"
"impresora24.wav",10,"impresora"
"impresora25.wav",10,"impresora"
"impresora26.wav",10,"impresora"
"impresora27.wav",10,"impresora"
"impresora28.wav",10,"impresora"
"impresora29.wav",10,"impresora"
"impresora30.wav",10,"impresora"
"impresora31.wav",10,"impresora"
"impresora32.wav",10,"impresora"
"impresora33.wav",10,"impresora"
"impresora34.wav",10,"impresora"
"impresora35.wav",10,"impresora"
"impresora36.wav",10,"impresora"
"impresora37.wav",10,"impresora"
"impresora38.wav",10,"impresora"
"impresora39.wav",10,"impresora"
"impresora40.wav",10,"impresora"
"impresora41.wav",10,"impresora"
"impresora42.wav",10,"impresora"
"impresora43.wav",10,"impresora"
"impresora44.wav",10,"impresora"
"impresora45.wav",10,"impresora"
"impresora46.wav",10,"impresora"
"impresora47.wav",10,"impresora"
"impresora48.wav",10,"impresora"
"impresora49.wav",10,"impresora"
"impresora50.wav",10,"impresora"
"impresora51.wav",10,"impresora"
"impresora52.wav",10,"impresora"
"impresora53.wav",10,"impresora"
"impresora54.wav",10,"impresora"
"impresora55.wav",10,"impresora"
"impresora56.wav",10,"impresora"
"impresora57.wav",10,"impresora"
"impresora58.wav",10,"impresora"
"impresora59.wav",10,"impresora"
"impresora60.wav",10,"impresora"
"impresora61.wav",10,"impresora"
"impresora62.wav",10,"impresora"
"impresora63.wav",10,"impresora"
"impresora64.wav",10,"impresora"
"impresora65.wav",10,"impresora"
"impresora66.wav",10,"impresora"
"impresora67.wav",10,"impresora"
"impresora68.wav",10,"impresora"
"impresora69.wav",10,"impresora"
"impresora70.wav",10,"impresora"
"impresora71.wav",10,"impresora"
"impresora72.wav",10,"impresora"
"impresora73.wav",10,"impresora"
"impresora74.wav",10,"impresora"
"impresora75.wav",10,"impresora"
"impresora76.wav",10,"impresora"
"impresora77.wav",10,"impresora"
"impresora78.wav",10,"impresora"
"impresora79.wav",10,"impresora"
"impresora80.wav",10,"impresora"
"impresora81.wav",10,"impresora"
"impresora82.wav",10,"impresora"
"impresora83.wav",10,"impresora"
"impresora84.wav",10,"impresora"
"impresora85.wav",10,"impresora"
"impresora86.wav",10,"impresora"
"impresora87.wav",10,"impresora"
"impresora88.wav",10,"impresora"
"impresora89.wav",10,"impresora"
"impresora90.wav",10,"impresora"
"impresora91.wav",10,"impresora"
"impresora92.wav",10,"impresora"
"impresora93.wav",10,"impresora"
"impresora94.wav",10,"impresora"
"impresora95.wav",10,"impresora"
"impresora96.wav",10,"impresora"
"impresora97.wav",10,"impresora"
"impresora98.wav",10,"impresora"
"impresora99.wav",10,"impresora"
"impresora100.wav",10,"impresora"
"microondas1.wav",11,"microondas"
"microondas2.wav",11,"microondas"
"microondas3.wav",11,"microondas"
"microondas4.wav",11,"microondas"
"microondas5.wav",11,"microondas"
"microondas6.wav",11,"microondas"
"microondas7.wav",11,"microondas"
"microondas8.wav",11,"microondas"
"microondas9.wav",11,"microondas"
"microondas10.wav",11,"microondas"
"microondas11.wav",11,"microondas"
"microondas12.wav",11,"microondas"
"microondas13.wav",11,"microondas"
"microondas14.wav",11,"microondas"
"microondas15.wav",11,"microondas"
"microondas16.wav",11,"microondas"
"microondas17.wav",11,"microondas"
"microondas18.wav",11,"microondas"
"microondas19.wav",11,"microondas"
"microondas20.wav",11,"microondas"
"microondas21.wav",11,"microondas"
"microondas22.wav",11,"microondas"
"microondas23.wav",11,"microondas"
"microondas24.wav",11,"microondas"
"microondas25.wav",11,"microondas"
"microondas26.wav",11,"microondas"
"microondas27.wav",11,"microondas"
"microondas28.wav",11,"microondas"
"microondas29.wav",11,"microondas"
"microondas30.wav",11,"microondas"
"microondas31.wav",11,"microondas"
"microondas32.wav",11,"microondas"
"microondas33.wav",11,"microondas"
"microondas34.wav",11,"microondas"
"microondas35.wav",11,"microondas"
"microondas36.wav",11,"microondas"
"microondas37.wav",11,"microondas"
"microondas38.wav",11,"microondas"
"microondas39.wav",11,"microondas"
"microondas40.wav",11,"microondas"
"microondas41.wav",11,"microondas"
"microondas42.wav",11,"microondas"
"microondas43.wav",11,"microondas"
"microondas44.wav",11,"microondas"
"microondas45.wav",11,"microondas"
"microondas46.wav",11,"microondas"
"microondas47.wav",11,"microondas"
"microondas48.wav",11,"microondas"
"microondas49.wav",11,"microondas"
"microondas50.wav",11,"microondas"
"microondas51.wav",11,"microondas"
"microondas52.wav",11,"microondas"
"microondas53.wav",11,"microondas"
"microondas54.wav",11,"microondas"
"microondas55.wav",11,"microondas"
"microondas56.wav",11,"microondas"
"microondas57.wav",11,"microondas"
"microondas58.wav",11,"microondas"
"microondas59.wav",11,"microondas"
"microondas60.wav",11,"microondas"
"microondas61.wav",11,"microondas"
"microondas62.wav",11,"microondas"
"microondas63.wav",11,"microondas"
"microondas64.wav",11,"microondas"
"microondas65.wav",11,"microondas"
"microondas66.wav",11,"microondas"
"microondas67.wav",11,"microondas"
"microondas68.wav",11,"microondas"
"microondas69.wav",11,"microondas"
"microondas70.wav",11,"microondas"
"microondas71.wav",11,"microondas"
"microondas72.wav",11,"microondas"
"microondas73.wav",11,"microondas"
"microondas74.wav",11,"microondas"
"microondas75.wav",11,"microondas"
"microondas76.wav",11,"microondas"
"microondas77.wav",11,"microondas"
"microondas78.wav",11,"microondas"
"microondas79.wav",11,"microondas"
"microondas80.wav",11,"microondas"
"microondas81.wav",11,"microondas"
"microondas82.wav",11,"microondas"
"microondas83.wav",11,"microondas"
"microondas84.wav",11,"microondas"
"microondas85.wav",11,"microondas"
"microondas86.wav",11,"microondas"
"microondas87.wav",11,"microondas"
"microondas88.wav",11,"microondas"
"microondas89.wav",11,"microondas"
"microondas90.wav",11,"microondas"
"microondas91.wav",11,"microondas"
"microondas92.wav",11,"microondas"
"microondas93.wav",11,"microondas"
"microondas94.wav",11,"microondas"
"microondas95.wav",11,"microondas"
"microondas96.wav",11,"microondas"
"microondas97.wav",11,"microondas"
"microondas98.wav",11,"microondas"
"microondas99.wav",11,"microondas"
"microondas100.wav",11,"microondas"
"persiana1.wav",12,"persiana"
"persiana2.wav",12,"persiana"
"persiana3.wav",12,"persiana"
"persiana4.wav",12,"persiana"
"persiana5.wav",12,"persiana"
"persiana6.wav",12,"persiana"
"persiana7.wav",12,"persiana"
"persiana8.wav",12,"persiana"
"persiana9.wav",12,"persiana"
"persiana10.wav",12,"persiana"
"persiana11.wav",12,"persiana"
"persiana12.wav",12,"persiana"
"persiana13.wav",12,"persiana"
"persiana14.wav",12,"persiana"
"persiana15.wav",12,"persiana"
"persiana16.wav",12,"persiana"
"persiana17.wav",12,"persiana"
"persiana18.wav",12,"persiana"
"persiana19.wav",12,"persiana"
"persiana20.wav",12,"persiana"
"persiana21.wav",12,"persiana"
"persiana22.wav",12,"persiana"
"persiana23.wav",12,"persiana"
"persiana24.wav",12,"persiana"
"persiana25.wav",12,"persiana"
"persiana26.wav",12,"persiana"
"persiana27.wav",12,"persiana"
"persiana28.wav",12,"persiana"
"persiana29.wav",12,"persiana"
"persiana30.wav",12,"persiana"
"persiana31.wav",12,"persiana"
"persiana32.wav",12,"persiana"
"persiana33.wav",12,"persiana"
"persiana34.wav",12,"persiana"
"persiana35.wav",12,"persiana"
"persiana36.wav",12,"persiana"
"persiana37.wav",12,"persiana"
"persiana38.wav",12,"persiana"
"persiana39.wav",12,"persiana"
"persiana40.wav",12,"persiana"
"persiana41.wav",12,"persiana"
"persiana42.wav",12,"persiana"
"persiana43.wav",12,"persiana"
"persiana44.wav",12,"persiana"
"persiana45.wav",12,"persiana"
"persiana46.wav",12,"persiana"
"persiana47.wav",12,"persiana"
"persiana48.wav",12,"persiana"
"persiana49.wav",12,"persiana"
"persiana50.wav",12,"persiana"
"persiana51.wav",12,"persiana"
"persiana52.wav",12,"persiana"
"persiana53.wav",12,"persiana"
"persiana54.wav",12,"persiana"
"persiana55.wav",12,"persiana"
"persiana56.wav",12,"persiana"
"persiana57.wav",12,"persiana"
"persiana58.wav",12,"persiana"
"persiana59.wav",12,"persiana"
"persiana60.wav",12,"persiana"
"persiana61.wav",12,"persiana"
"persiana62.wav",12,"persiana"
"persiana63.wav",12,"persiana"
"persiana64.wav",12,"persiana"
"persiana65.wav",12,"persiana"
"persiana66.wav",12,"persiana"
"persiana67.wav",12,"persiana"
"persiana68.wav",12,"persiana"
"persiana69.wav",12,"persiana"
"persiana70.wav",12,"persiana"
"persiana71.wav",12,"persiana"
"persiana72.wav",12,"persiana"
"persiana73.wav",12,"persiana"
"persiana74.wav",12,"persiana"
"persiana75.wav",12,"persiana"
"persiana76.wav",12,"persiana"
"persiana77.wav",12,"persiana"
"persiana78.wav",12,"persiana"
"persiana79.wav",12,"persiana"
"persiana80.wav",12,"persiana"
"persiana81.wav",12,"persiana"
"persiana82.wav",12,"persiana"
"persiana83.wav",12,"persiana"
"persiana84.wav",12,"persiana"
"persiana85.wav",12,"persiana"
"persiana86.wav",12,"persiana"
"persiana87.wav",12,"persiana"
"persiana88.wav",12,"persiana"
"persiana89.wav",12,"persiana"
"persiana90.wav",12,"persiana"
"persiana91.wav",12,"persiana"
"persiana92.wav",12,"persiana"
"persiana93.wav",12,"persiana"
"persiana94.wav",12,"persiana"
"persiana95.wav",12,"persiana"
"persiana96.wav",12,"persiana"
"persiana97.wav",12,"persiana"
"persiana98.wav",12,"persiana"
"persiana99.wav",12,"persiana"
"persiana100.wav",12,"persiana"
"puerta1.wav",13,"puerta"
"puerta2.wav",13,"puerta"
"puerta3.wav",13,"puerta"
"puerta4.wav",13,"puerta"
"puerta5.wav",13,"puerta"
"puerta6.wav",13,"puerta"
"puerta7.wav",13,"puerta"
"puerta8.wav",13,"puerta"
"puerta9.wav",13,"puerta"
"puerta10.wav",13,"puerta"
"puerta11.wav",13,"puerta"
"puerta12.wav",13,"puerta"
"puerta13.wav",13,"puerta"
"puerta14.wav",13,"puerta"
"puerta15.wav",13,"puerta"
"puerta16.wav",13,"puerta"
"puerta17.wav",13,"puerta"
"puerta18.wav",13,"puerta"
"puerta19.wav",13,"puerta"
"puerta20.wav",13,"puerta"
"puerta21.wav",13,"puerta"
"puerta22.wav",13,"puerta"
"puerta23.wav",13,"puerta"
"puerta24.wav",13,"puerta"
"puerta25.wav",13,"puerta"
"puerta26.wav",13,"puerta"
"puerta27.wav",13,"puerta"
"puerta28.wav",13,"puerta"
"puerta29.wav",13,"puerta"
"puerta30.wav",13,"puerta"
"puerta31.wav",13,"puerta"
"puerta32.wav",13,"puerta"
"puerta33.wav",13,"puerta"
"puerta34.wav",13,"puerta"
"puerta35.wav",13,"puerta"
"puerta36.wav",13,"puerta"
"puerta37.wav",13,"puerta"
"puerta38.wav",13,"puerta"
"puerta39.wav",13,"puerta"
"puerta40.wav",13,"puerta"
"puerta41.wav",13,"puerta"
"puerta42.wav",13,"puerta"
"puerta43.wav",13,"puerta"
"puerta44.wav",13,"puerta"
"puerta45.wav",13,"puerta"
"puerta46.wav",13,"puerta"
"puerta47.wav",13,"puerta"
"puerta48.wav",13,"puerta"
"puerta49.wav",13,"puerta"
"puerta50.wav",13,"puerta"
"puerta51.wav",13,"puerta"
"puerta52.wav",13,"puerta"
"puerta53.wav",13,"puerta"
"puerta54.wav",13,"puerta"
"puerta55.wav",13,"puerta"
"puerta56.wav",13,"puerta"
"puerta57.wav",13,"puerta"
"puerta58.wav",13,"puerta"
"puerta59.wav",13,"puerta"
"puerta60.wav",13,"puerta"
"puerta61.wav",13,"puerta"
"puerta62.wav",13,"puerta"
"puerta63.wav",13,"puerta"
"puerta64.wav",13,"puerta"
"puerta65.wav",13,"puerta"
"puerta66.wav",13,"puerta"
"puerta67.wav",13,"puerta"
"puerta68.wav",13,"puerta"
"puerta69.wav",13,"puerta"
"puerta70.wav",13,"puerta"
"puerta71.wav",13,"puerta"
"puerta72.wav",13,"puerta"
"puerta73.wav",13,"puerta"
"puerta74.wav",13,"puerta"
"puerta75.wav",13,"puerta"
"puerta76.wav",13,"puerta"
"puerta77.wav",13,"puerta"
"puerta78.wav",13,"puerta"
"puerta79.wav",13,"puerta"
"puerta80.wav",13,"puerta"
"puerta81.wav",13,"puerta"
"puerta82.wav",13,"puerta"
"puerta83.wav",13,"puerta"
"puerta84.wav",13,"puerta"
"puerta85.wav",13,"puerta"
"puerta86.wav",13,"puerta"
"puerta87.wav",13,"puerta"
"puerta88.wav",13,"puerta"
"puerta89.wav",13,"puerta"
"puerta90.wav",13,"puerta"
"puerta91.wav",13,"puerta"
"puerta92.wav",13,"puerta"
"puerta93.wav",13,"puerta"
"puerta94.wav",13,"puerta"
"puerta95.wav",13,"puerta"
"puerta96.wav",13,"puerta"
"puerta97.wav",13,"puerta"
"puerta98.wav",13,"puerta"
"puerta99.wav",13,"puerta"
"puerta100.wav",13,"puerta"
"telefono1.wav",14,"telefono"
"telefono2.wav",14,"telefono"
"telefono3.wav",14,"telefono"
"telefono4.wav",14,"telefono"
"telefono5.wav",14,"telefono"
"telefono6.wav",14,"telefono"
"telefono7.wav",14,"telefono"
"telefono8.wav",14,"telefono"
"telefono9.wav",14,"telefono"
"telefono10.wav",14,"telefono"
"telefono11.wav",14,"telefono"
"telefono12.wav",14,"telefono"
"telefono13.wav",14,"telefono"
"telefono14.wav",14,"telefono"
"telefono15.wav",14,"telefono"
"telefono16.wav",14,"telefono"
"telefono17.wav",14,"telefono"
"telefono18.wav",14,"telefono"
"telefono19.wav",14,"telefono"
"telefono20.wav",14,"telefono"
"telefono21.wav",14,"telefono"
"telefono22.wav",14,"telefono"
"telefono23.wav",14,"telefono"
"telefono24.wav",14,"telefono"
"telefono25.wav",14,"telefono"
"telefono26.wav",14,"telefono"
"telefono27.wav",14,"telefono"
"telefono28.wav",14,"telefono"
"telefono29.wav",14,"telefono"
"telefono30.wav",14,"telefono"
"telefono31.wav",14,"telefono"
"telefono32.wav",14,"telefono"
"telefono33.wav",14,"telefono"
"telefono34.wav",14,"telefono"
"telefono35.wav",14,"telefono"
"telefono36.wav",14,"telefono"
"telefono37.wav",14,"telefono"
"telefono38.wav",14,"telefono"
"telefono39.wav",14,"telefono"
"telefono40.wav",14,"telefono"
"telefono41.wav",14,"telefono"
"telefono42.wav",14,"telefono"
"telefono43.wav",14,"telefono"
"telefono44.wav",14,"telefono"
"telefono45.wav",14,"telefono"
"telefono46.wav",14,"telefono"
"telefono47.wav",14,"telefono"
"telefono48.wav",14,"telefono"
"telefono49.wav",14,"telefono"
"telefono50.wav",14,"telefono"
"telefono51.wav",14,"telefono"
"telefono52.wav",14,"telefono"
"telefono53.wav",14,"telefono"
"telefono54.wav",14,"telefono"
"telefono55.wav",14,"telefono"
"telefono56.wav",14,"telefono"
"telefono57.wav",14,"telefono"
"telefono58.wav",14,"telefono"
"telefono59.wav",14,"telefono"
"telefono60.wav",14,"telefono"
"telefono61.wav",14,"telefono"
"telefono62.wav",14,"telefono"
"telefono63.wav",14,"telefono"
"telefono64.wav",14,"telefono"
"telefono65.wav",14,"telefono"
"telefono66.wav",14,"telefono"
"telefono67.wav",14,"telefono"
"telefono68.wav",14,"telefono"
"telefono69.wav",14,"telefono"
"telefono70.wav",14,"telefono"
"telefono71.wav",14,"telefono"
"telefono72.wav",14,"telefono"
"telefono73.wav",14,"telefono"
"telefono74.wav",14,"telefono"
"telefono75.wav",14,"telefono"
"telefono76.wav",14,"telefono"
"telefono77.wav",14,"telefono"
"telefono78.wav",14,"telefono"
"telefono79.wav",14,"telefono"
"telefono80.wav",14,"telefono"
"telefono81.wav",14,"telefono"
"telefono82.wav",14,"telefono"
"telefono83.wav",14,"telefono"
"telefono84.wav",14,"telefono"
"telefono85.wav",14,"telefono"
"telefono86.wav",14,"telefono"
"telefono87.wav",14,"telefono"
"telefono88.wav",14,"telefono"
"telefono89.wav",14,"telefono"
"telefono90.wav",14,"telefono"
"telefono91.wav",14,"telefono"
"telefono92.wav",14,"telefono"
"telefono93.wav",14,"telefono"
"telefono94.wav",14,"telefono"
"telefono95.wav",14,"telefono"
"telefono96.wav",14,"telefono"
"telefono97.wav",14,"telefono"
"telefono98.wav",14,"telefono"
"telefono99.wav",14,"telefono"
"telefono100.wav",14,"telefono"
"timbre1.wav",15,"timbre"
"timbre2.wav",15,"timbre"
"timbre3.wav",15,"timbre"
"timbre4.wav",15,"timbre"
"timbre5.wav",15,"timbre"
"timbre6.wav",15,"timbre"
"timbre7.wav",15,"timbre"
"timbre8.wav",15,"timbre"
"timbre9.wav",15,"timbre"
"timbre10.wav",15,"timbre"
"timbre11.wav",15,"timbre"
"timbre12.wav",15,"timbre"
"timbre13.wav",15,"timbre"
"timbre14.wav",15,"timbre"
"timbre15.wav",15,"timbre"
"timbre16.wav",15,"timbre"
"timbre17.wav",15,"timbre"
"timbre18.wav",15,"timbre"
"timbre19.wav",15,"timbre"
"timbre20.wav",15,"timbre"
"timbre21.wav",15,"timbre"
"timbre22.wav",15,"timbre"
"timbre23.wav",15,"timbre"
"timbre24.wav",15,"timbre"
"timbre25.wav",15,"timbre"
"timbre26.wav",15,"timbre"
"timbre27.wav",15,"timbre"
"timbre28.wav",15,"timbre"
"timbre29.wav",15,"timbre"
"timbre30.wav",15,"timbre"
"timbre31.wav",15,"timbre"
"timbre32.wav",15,"timbre"
"timbre33.wav",15,"timbre"
"timbre34.wav",15,"timbre"
"timbre35.wav",15,"timbre"
"timbre36.wav",15,"timbre"
"timbre37.wav",15,"timbre"
"timbre38.wav",15,"timbre"
"timbre39.wav",15,"timbre"
"timbre40.wav",15,"timbre"
"timbre41.wav",15,"timbre"
"timbre42.wav",15,"timbre"
"timbre43.wav",15,"timbre"
"timbre44.wav",15,"timbre"
"timbre45.wav",15,"timbre"
"timbre46.wav",15,"timbre"
"timbre47.wav",15,"timbre"
"timbre48.wav",15,"timbre"
"timbre49.wav",15,"timbre"
"timbre50.wav",15,"timbre"
"timbre51.wav",15,"timbre"
"timbre52.wav",15,"timbre"
"timbre53.wav",15,"timbre"
"timbre54.wav",15,"timbre"
"timbre55.wav",15,"timbre"
"timbre56.wav",15,"timbre"
"timbre57.wav",15,"timbre"
"timbre58.wav",15,"timbre"
"timbre59.wav",15,"timbre"
"timbre60.wav",15,"timbre"
"timbre61.wav",15,"timbre"
"timbre62.wav",15,"timbre"
"timbre63.wav",15,"timbre"
"timbre64.wav",15,"timbre"
"timbre65.wav",15,"timbre"
"timbre66.wav",15,"timbre"
"timbre67.wav",15,"timbre"
"timbre68.wav",15,"timbre"
"timbre69.wav",15,"timbre"
"timbre70.wav",15,"timbre"
"timbre71.wav",15,"timbre"
"timbre72.wav",15,"timbre"
"timbre73.wav",15,"timbre"
"timbre74.wav",15,"timbre"
"timbre75.wav",15,"timbre"
"timbre76.wav",15,"timbre"
"timbre77.wav",15,"timbre"
"timbre78.wav",15,"timbre"
"timbre79.wav",15,"timbre"
"timbre80.wav",15,"timbre"
"timbre81.wav",15,"timbre"
"timbre82.wav",15,"timbre"
"timbre83.wav",15,"timbre"
"timbre84.wav",15,"timbre"
"timbre85.wav",15,"timbre"
"timbre86.wav",15,"timbre"
"timbre87.wav",15,"timbre"
"timbre88.wav",15,"timbre"
"timbre89.wav",15,"timbre"
"timbre90.wav",15,"timbre"
"timbre91.wav",15,"timbre"
"timbre92.wav",15,"timbre"
"timbre93.wav",15,"timbre"
"timbre94.wav",15,"timbre"
"timbre95.wav",15,"timbre"
"timbre96.wav",15,"timbre"
"timbre97.wav",15,"timbre"
"timbre98.wav",15,"timbre"
"timbre99.wav",15,"timbre"
"timbre100.wav",15,"timbre"
"idle1.wav",16,"idle"
"idle2.wav",16,"idle"
"idle3.wav",16,"idle"
"idle4.wav",16,"idle"
"idle5.wav",16,"idle"
"idle6.wav",16,"idle"
"idle7.wav",16,"idle"
"idle8.wav",16,"idle"
"idle9.wav",16,"idle"
"idle10.wav",16,"idle"
"idle11.wav",16,"idle"
"idle12.wav",16,"idle"
"idle13.wav",16,"idle"
"idle14.wav",16,"idle"
"idle15.wav",16,"idle"
"idle16.wav",16,"idle"
"idle17.wav",16,"idle"
"idle18.wav",16,"idle"
"idle19.wav",16,"idle"
"idle20.wav",16,"idle"
"idle21.wav",16,"idle"
"idle22.wav",16,"idle"
"idle23.wav",16,"idle"
"idle24.wav",16,"idle"
"idle25.wav",16,"idle"
"idle26.wav",16,"idle"
"idle27.wav",16,"idle"
"idle28.wav",16,"idle"
"idle29.wav",16,"idle"
"idle30.wav",16,"idle"
"idle31.wav",16,"idle"
"idle32.wav",16,"idle"
"idle33.wav",16,"idle"
"idle34.wav",16,"idle"
"idle35.wav",16,"idle"
"idle36.wav",16,"idle"
"idle37.wav",16,"idle"
"idle38.wav",16,"idle"
"idle39.wav",16,"idle"
"idle40.wav",16,"idle"
"idle41.wav",16,"idle"
"idle42.wav",16,"idle"
"idle43.wav",16,"idle"
"idle44.wav",16,"idle"
"idle45.wav",16,"idle"
"idle46.wav",16,"idle"
"idle47.wav",16,"idle"
"idle48.wav",16,"idle"
"idle49.wav",16,"idle"